City_ID,City,Country,Lat,Lng,Max Temp,Humidity,Cloudiness,Wind Speed,Current Description
0,Saint-Augustin,CA,51.226,-58.6502,25.81,94,100,16.51,overcast clouds
1,Bredasdorp,ZA,-34.5322,20.0403,66.2,72,0,13.8,clear sky
2,Cap-Aux-Meules,CA,47.3821,-61.8597,19.4,86,100,17.27,overcast clouds
3,Tuktoyaktuk,CA,69.4541,-133.0374,-4.0,84,90,5.75,light snow
4,Invermere,CA,50.5167,-116.0354,35.01,92,100,1.01,overcast clouds
5,Kapaa,US,22.0752,-159.319,69.8,83,90,20.71,light rain
6,Leh,IN,34.1667,77.5833,15.03,80,94,0.87,overcast clouds
7,Crotone,IT,39.0851,17.1178,51.8,82,40,6.91,scattered clouds
8,Urucara,BR,-2.5364,-57.76,83.8,78,99,0.94,overcast clouds
9,Mahebourg,MU,-20.4081,57.7,80.6,78,75,4.61,broken clouds
10,Mataura,NZ,-46.1927,168.8643,46.99,91,69,5.01,broken clouds
11,Vaini,TO,-21.2,-175.2,78.8,94,75,9.22,broken clouds
12,Cidreira,BR,-30.1811,-50.2056,76.15,58,7,11.56,clear sky
13,Punta Arenas,CL,-53.15,-70.9167,55.4,47,0,31.07,clear sky
14,Geraldton,AU,-28.7667,114.6,68.0,88,0,8.05,clear sky
15,Verkh-Usugli,RU,52.7,115.1667,-0.27,89,0,3.53,clear sky
16,Saint Anthony,US,45.0205,-93.218,46.4,36,1,9.22,clear sky
17,Rikitea,PF,-23.1203,-134.9692,79.93,82,16,12.08,few clouds
18,Dingle,PH,10.9995,122.6711,73.15,84,100,6.73,light rain
19,Port Alfred,ZA,-33.5906,26.891,70.92,84,0,14.12,clear sky
20,Chunhuhub,MX,19.55,-88.6833,89.94,42,61,3.69,broken clouds
21,Tiksi,RU,71.6872,128.8694,-19.39,87,100,5.19,overcast clouds
22,Cayenne,GF,4.9333,-52.3333,75.2,94,75,8.05,moderate rain
23,Guerrero Negro,MX,27.9769,-114.0611,66.13,58,0,20.71,clear sky
24,Chumikan,RU,54.7183,135.315,-9.65,82,0,22.68,clear sky
25,Busselton,AU,-33.65,115.3333,64.99,92,87,10.6,overcast clouds
26,Medvezhyegorsk,RU,62.9167,34.4667,21.13,96,100,15.39,light snow
27,Jamestown,US,42.097,-79.2353,26.01,93,90,13.18,light snow
28,Hambantota,LK,6.1241,81.1185,73.4,100,75,4.61,broken clouds
29,Cape Town,ZA,-33.9258,18.4232,71.01,64,20,8.05,few clouds
30,Campbell River,CA,50.0163,-125.2446,45.0,93,90,4.61,overcast clouds
31,Esperance,AU,-33.8667,121.9,64.4,100,90,4.61,overcast clouds
32,Butaritari,KI,3.0707,172.7902,79.84,81,38,14.58,scattered clouds
33,Bluff,NZ,-46.6,168.3333,46.99,91,37,5.01,light rain
34,Pangnirtung,CA,66.1451,-65.7125,1.4,66,90,10.36,snow
35,Manadhoo,MV,5.7667,73.3833,83.01,64,0,6.85,clear sky
36,Yellowknife,CA,62.456,-114.3525,10.4,85,75,5.75,broken clouds
37,Kodiak,US,57.79,-152.4072,28.4,50,1,25.32,clear sky
38,Saint-Joseph,RE,-21.3667,55.6167,78.8,78,90,4.61,overcast clouds
39,Oistins,BB,13.0667,-59.5333,84.2,61,40,19.57,scattered clouds
40,Kazachinskoye,RU,57.6953,93.2761,25.21,96,100,10.27,overcast clouds
41,Tuy Hoa,VN,13.0833,109.3,71.35,91,70,2.3,broken clouds
42,Olafsvik,IS,64.8945,-23.7142,41.32,88,100,8.84,overcast clouds
43,Sawtell,AU,-30.3833,153.1,64.99,94,90,4.61,overcast clouds
44,Japura,ID,-0.3167,102.35,73.81,98,100,2.77,moderate rain
45,Moron,AR,-34.6534,-58.6198,82.99,35,0,1.99,clear sky
46,Khatanga,RU,71.9667,102.5,-21.08,86,73,10.71,broken clouds
47,Faya,SA,18.3851,42.4509,64.4,77,0,5.75,clear sky
48,Linkou,CN,45.3,130.2833,-4.0,86,1,4.32,clear sky
49,Oranjestad,AW,12.524,-70.027,84.2,65,20,25.32,few clouds
50,Srednekolymsk,RU,67.45,153.6833,-11.22,88,100,18.97,overcast clouds
51,Castro,BR,-24.7911,-50.0119,75.42,67,12,5.46,few clouds
52,Yar-Sale,RU,66.8333,70.8333,-5.35,92,93,8.43,overcast clouds
53,Luena,AO,-11.7833,19.9167,64.18,83,99,3.27,overcast clouds
54,Tasiilaq,GL,65.6145,-37.6368,24.8,86,75,28.77,snow
55,Iracoubo,GF,5.4802,-53.2011,79.66,86,96,14.09,overcast clouds
56,Bhatkal,IN,13.9667,74.5667,78.01,80,5,2.51,clear sky
57,Albany,US,42.6001,-73.9662,26.01,47,100,11.3,overcast clouds
58,Ushuaia,AR,-54.8,-68.3,50.0,71,75,32.21,broken clouds
59,Vada,NL,51.97,5.6667,36.0,74,3,4.61,clear sky
60,Teya,RU,60.3778,92.6267,19.29,94,100,7.4,overcast clouds
61,Ancud,CL,-41.8697,-73.8203,66.0,100,75,8.05,light rain
62,Road Town,VG,18.4167,-64.6167,84.2,65,20,10.36,few clouds
63,Asau,RO,46.4333,26.4,28.99,64,0,4.61,clear sky
64,Katsuura,JP,35.1333,140.3,46.99,67,100,1.99,overcast clouds
65,Atuona,PF,-9.8,-139.0333,80.4,71,4,16.24,clear sky
66,Qaqortoq,GL,60.7167,-46.0333,44.6,39,75,9.22,light rain
67,Lorengau,PG,-2.0226,147.2712,80.89,77,46,6.29,light rain
68,Namatanai,PG,-3.6667,152.4333,78.87,79,77,0.72,broken clouds
69,Jaque,PA,7.5175,-78.1703,84.92,63,29,11.32,scattered clouds
70,Ahipara,NZ,-35.1667,173.1667,61.93,77,100,9.89,overcast clouds
71,Bethel,US,41.3712,-73.414,28.99,43,90,12.66,overcast clouds
72,Saldanha,ZA,-33.0117,17.9442,68.0,73,0,6.91,clear sky
73,Salalah,OM,17.0151,54.0924,77.0,83,0,2.3,clear sky
74,Nantucket,US,41.2835,-70.0995,32.0,43,1,16.11,clear sky
75,College,US,64.8569,-147.8028,1.0,84,90,1.28,light snow
76,Longyearbyen,SJ,78.2186,15.6401,5.0,61,75,17.27,broken clouds
77,Barrow,US,71.2906,-156.7887,-14.8,76,1,6.91,clear sky
78,Nikolskoye,RU,59.7035,30.7861,28.99,93,90,15.66,snow
79,Botro,CI,7.8525,-5.3106,93.2,38,40,6.91,scattered clouds
80,Kaitangata,NZ,-46.2817,169.8464,51.01,90,2,8.43,clear sky
81,Iacu,BR,-12.7672,-40.2117,97.09,24,0,4.47,clear sky
82,Saint George,US,37.1041,-113.5841,71.01,16,1,8.05,clear sky
83,Saint-Martin-Boulogne,FR,50.7269,1.6186,37.4,70,0,4.61,clear sky
84,Avarua,CK,-21.2078,-159.775,82.4,83,75,11.5,broken clouds
85,Port Elizabeth,ZA,-33.918,25.5701,69.8,78,0,14.97,clear sky
86,Bubaque,GW,11.2833,-15.8333,75.4,71,0,12.64,clear sky
87,Thompson,CA,55.7435,-97.8558,30.2,55,75,9.22,broken clouds
88,Big Bend,SZ,-26.8167,31.9333,72.9,81,94,4.61,overcast clouds
89,Coihaique,CL,-45.5752,-72.0662,68.0,52,40,9.22,scattered clouds
90,Kikwit,CD,-5.041,18.8162,72.0,93,100,1.45,overcast clouds
91,Hilo,US,19.7297,-155.09,66.2,82,75,4.61,light rain
92,Alofi,NU,-19.0595,-169.9187,77.0,94,98,3.44,overcast clouds
93,Wukari,NG,7.85,9.7833,88.29,13,0,4.61,clear sky
94,Kushnarenkovo,RU,55.105,55.3508,15.8,86,90,4.47,light snow
95,Minatitlan,MX,17.9833,-94.5167,78.8,78,75,23.02,broken clouds
96,Torbay,CA,47.6666,-52.7314,35.01,64,75,29.93,broken clouds
97,Ponta Do Sol,PT,32.6667,-17.1,62.6,67,40,16.11,scattered clouds
98,Altay,CN,47.8667,88.1167,20.37,77,0,5.88,clear sky
99,Khani,GE,41.9563,42.9566,51.8,50,75,13.8,broken clouds
100,Touros,BR,-5.1989,-35.4608,86.0,58,20,14.97,few clouds
101,Cabo San Lucas,MX,22.8909,-109.9124,75.2,49,75,3.44,broken clouds
102,Mirnyy,RU,62.5353,113.9611,7.34,95,91,2.68,overcast clouds
103,Souillac,MU,-20.5167,57.5167,80.6,78,75,4.61,broken clouds
104,Ribeira Grande,PT,38.5167,-28.7,62.6,94,75,12.66,broken clouds
105,Bentiu,SS,9.2333,29.8333,86.47,17,85,3.18,overcast clouds
106,Hobart,AU,-42.8794,147.3294,50.0,87,78,5.75,broken clouds
107,Vestmannaeyjar,IS,63.4427,-20.2734,39.2,75,40,11.5,scattered clouds
108,Mitchell,US,43.7094,-98.0298,53.6,54,1,18.41,clear sky
109,Leningradskiy,RU,69.3833,178.4167,-18.47,81,80,4.0,broken clouds
110,Bambous Virieux,MU,-20.3428,57.7575,81.0,78,75,4.61,broken clouds
111,Kaili,ID,-3.4626,120.2147,66.7,91,66,2.51,broken clouds
112,Makhinjauri,GE,41.6739,41.694,51.8,66,0,10.36,clear sky
113,Chokurdakh,RU,70.6333,147.9167,-10.61,89,100,16.98,overcast clouds
114,Yei,SS,4.095,30.6779,77.81,41,100,1.95,overcast clouds
115,Dikson,RU,73.5069,80.5464,-26.61,86,98,10.22,overcast clouds
116,Provideniya,RU,64.3833,-173.3,-8.0,84,100,6.96,overcast clouds
117,Sibolga,ID,1.7427,98.7792,76.51,87,100,2.01,overcast clouds
118,Tutoia,BR,-2.7619,-42.2744,78.8,100,75,5.75,moderate rain
119,Batagay-Alyta,RU,67.8006,130.4114,-27.4,67,9,2.84,clear sky
120,Floresta,BR,-8.6011,-38.5686,98.01,23,0,9.37,clear sky
121,San Patricio,US,28.017,-97.5169,68.0,52,75,12.66,broken clouds
122,Caravelas,BR,-17.7125,-39.2481,83.53,67,100,11.32,overcast clouds
123,Manokwari,ID,-0.8667,134.0833,78.35,76,100,6.26,moderate rain
124,Kvarkeno,RU,52.0833,59.725,17.69,94,100,3.65,overcast clouds
125,Hithadhoo,MV,-0.6,73.0833,84.04,68,7,5.28,clear sky
126,Bengkulu,ID,-3.8004,102.2655,74.68,93,100,6.35,overcast clouds
127,Dunedin,NZ,-45.8742,170.5036,55.0,76,1,9.84,clear sky
128,Miles City,US,46.4083,-105.8406,50.0,37,1,14.97,clear sky
129,Montmagny,FR,48.9734,2.3469,44.01,45,0,8.05,clear sky
130,Fare,PF,-16.7,-151.0167,82.33,72,76,9.44,moderate rain
131,Rexburg,US,43.826,-111.7897,37.4,52,1,3.44,clear sky
132,Banda Aceh,ID,5.5577,95.3222,79.59,78,83,3.74,broken clouds
133,Xingcheng,CN,40.6167,120.7167,21.83,72,0,0.94,clear sky
134,Kruisfontein,ZA,-34.0033,24.7314,70.0,72,0,1.99,clear sky
135,Puerto Ayora,EC,-0.7393,-90.3518,84.2,74,40,11.5,light rain
136,Chara,RU,56.9064,118.2631,-2.06,82,100,1.86,overcast clouds
137,Merauke,ID,-8.4667,140.3333,76.87,90,10,7.36,clear sky
138,Mackenzie,CA,55.2999,-123.1698,32.0,80,90,11.5,overcast clouds
139,Calvinia,ZA,-31.4707,19.776,64.15,46,0,6.91,clear sky
140,Pangai,TO,-19.8,-174.35,80.6,89,75,2.3,broken clouds
141,Shiraz,IR,29.6036,52.5388,57.2,23,0,9.22,clear sky
142,Belmonte,BR,-15.8631,-38.8828,86.0,74,0,14.97,clear sky
143,Sechura,PE,-5.5569,-80.8222,85.98,49,0,14.27,clear sky
144,Port Blair,IN,11.6667,92.75,78.96,74,0,3.02,clear sky
145,Boende,CD,-0.2167,20.8667,70.72,95,100,3.83,overcast clouds
146,Arlit,NE,18.7369,7.3853,86.58,13,100,9.26,overcast clouds
147,New Norfolk,AU,-42.7826,147.0587,48.0,72,90,2.19,overcast clouds
148,Hermanus,ZA,-34.4187,19.2345,66.0,79,0,1.01,clear sky
149,Boa Vista,BR,2.8197,-60.6733,91.4,43,75,9.22,broken clouds
150,Klaksvik,FO,62.2266,-6.589,42.8,100,75,2.3,broken clouds
151,Olinda,BR,-8.0089,-34.8553,80.6,69,40,11.5,scattered clouds
152,Newport,GB,51.5877,-2.9984,41.0,73,17,7.52,few clouds
153,Sioux Lookout,CA,50.1001,-91.917,26.6,46,20,4.45,few clouds
154,Ararat,AM,39.8317,44.7049,42.8,49,96,3.44,overcast clouds
155,Atar,MR,20.5169,-13.0499,80.6,12,0,13.8,clear sky
156,Fortuna,US,40.5982,-124.1573,53.01,81,1,9.22,clear sky
157,Kavieng,PG,-2.5744,150.7967,80.78,78,99,6.49,light rain
158,Qaanaaq,GL,77.484,-69.3632,-15.27,70,0,5.37,clear sky
159,Pisco,PE,-13.7,-76.2167,78.8,73,0,11.5,clear sky
160,Carnarvon,AU,-24.8667,113.6333,75.2,100,0,10.36,clear sky
161,Bereda,ES,43.2686,-7.5406,46.0,92,67,7.0,broken clouds
162,Cabatuan,PH,10.8794,122.486,73.45,84,100,10.2,overcast clouds
163,Hawick,GB,55.4227,-2.7867,37.0,76,15,7.23,few clouds
164,Atasu,KZ,48.6814,71.6433,12.67,94,82,6.31,broken clouds
165,Tandil,AR,-37.3217,-59.1332,89.01,25,0,4.0,clear sky
166,Hovd,MN,48.0056,91.6419,20.16,65,18,3.56,few clouds
167,Dillon,US,34.4166,-79.3712,55.0,27,75,4.61,broken clouds
168,Baykit,RU,61.67,96.37,19.26,94,100,3.15,light snow
169,Palmer,US,42.1584,-72.3287,33.01,34,20,12.66,few clouds
170,Alice Springs,AU,-23.7,133.8833,77.0,23,91,1.14,overcast clouds
171,Coffs Harbour,AU,-30.3,153.1333,64.99,94,90,4.61,overcast clouds
172,Fonte Boa,BR,-2.4959,-66.2662,90.73,55,0,4.36,clear sky
173,Canavieiras,BR,-15.675,-38.9472,86.0,74,0,14.97,clear sky
174,Buala,SB,-8.145,159.5921,78.71,80,100,4.97,overcast clouds
175,Poum,NC,-20.2333,164.0167,78.42,69,15,14.56,few clouds
176,Kharan,PK,28.5833,65.4167,70.79,22,21,12.21,few clouds
177,Kaniama,CD,-7.5667,24.1833,68.86,91,100,1.63,overcast clouds
178,Mar Del Plata,AR,-38.0023,-57.5575,68.0,64,0,9.22,clear sky
179,Georgetown,MY,5.4112,100.3354,80.01,88,20,4.61,few clouds
180,Tuatapere,NZ,-46.1333,167.6833,46.99,91,93,5.01,overcast clouds
181,Ambanja,MG,-13.6833,48.45,74.64,89,100,2.71,light rain
182,Ferme-Neuve,CA,46.7001,-75.4493,17.6,41,100,10.36,overcast clouds
183,Sterling,US,39.0062,-77.4286,46.99,36,75,20.71,broken clouds
184,Arraial Do Cabo,BR,-22.9661,-42.0278,86.0,61,40,11.5,scattered clouds
185,Fethiye,TR,36.6217,29.1164,50.0,93,0,4.61,clear sky
186,Topeka,US,39.0483,-95.678,64.99,42,20,8.05,few clouds
187,Clyde River,CA,70.4692,-68.5914,-13.0,64,1,16.11,clear sky
188,Chickasha,US,35.0526,-97.9364,59.0,47,1,9.22,clear sky
189,Lazaro Cardenas,MX,17.9583,-102.2,82.17,50,0,9.31,clear sky
190,Creel,MX,27.75,-107.6333,58.26,34,0,9.95,clear sky
191,Vila Velha,BR,-20.3297,-40.2925,88.0,66,20,16.11,few clouds
192,Port Augusta,AU,-32.5,137.7667,71.01,64,90,3.44,light rain
193,Asfi,MA,32.2994,-9.2372,59.61,76,0,10.58,clear sky
194,Saint-Pierre,RE,-21.3393,55.4781,78.8,78,90,4.61,overcast clouds
195,Iqaluit,CA,63.7506,-68.5145,0.0,78,75,27.63,snow
196,Roald,NO,62.5833,6.1333,34.0,69,75,12.66,light snow
197,Shakawe,BW,-18.3667,21.85,71.4,61,0,3.94,clear sky
198,Manta,EC,-0.95,-80.7333,84.2,74,20,8.05,light rain
199,Hvolsvollur,IS,63.7533,-20.2243,39.2,75,40,11.5,scattered clouds
200,Antofagasta,CL,-23.65,-70.4,77.0,68,20,16.11,few clouds
201,Norman Wells,CA,65.282,-126.8329,-2.2,78,75,3.44,broken clouds
202,Vuktyl,RU,63.8567,57.3094,-6.79,92,96,1.97,overcast clouds
203,Paamiut,GL,61.994,-49.6678,32.05,99,100,3.56,snow
204,Alpena,US,45.0617,-83.4327,30.2,34,1,12.66,clear sky
205,Lasa,IT,46.6166,10.7002,48.2,64,0,1.3,clear sky
206,Muros,ES,42.7762,-9.0603,54.0,72,0,5.99,clear sky
207,Jizan,SA,17.3333,42.6667,82.4,69,0,4.61,clear sky
208,Hualmay,PE,-11.0964,-77.6139,78.82,62,72,12.01,broken clouds
209,Biak,ID,-0.9131,122.8766,75.65,78,15,1.9,few clouds
210,Lavrentiya,RU,65.5833,-171.0,-21.32,86,88,1.39,overcast clouds
211,Brockville,CA,44.5834,-75.6826,21.0,53,90,8.05,overcast clouds
212,East London,ZA,-33.0153,27.9116,71.6,78,0,13.8,clear sky
213,Kahului,US,20.8947,-156.47,71.6,68,40,11.5,scattered clouds
214,Camacari,BR,-12.6975,-38.3242,84.2,65,20,12.66,few clouds
215,Matay,EG,28.419,30.7792,62.69,29,0,11.56,clear sky
216,Sapa,PH,5.1544,120.3241,79.9,78,100,7.11,overcast clouds
217,Yendi,GH,9.4427,-0.0099,94.32,27,23,2.26,few clouds
218,Askiz,RU,53.1319,90.5264,19.9,90,100,5.1,overcast clouds
219,Nelson Bay,AU,-32.7167,152.15,64.0,100,40,3.02,scattered clouds
220,Grindavik,IS,63.8424,-22.4338,41.0,87,75,4.61,broken clouds
221,Andra,RU,62.5147,65.8878,3.92,95,96,5.75,overcast clouds
222,Hasaki,JP,35.7333,140.8333,43.0,56,75,18.41,broken clouds
223,Kodinsk,RU,58.6881,99.1844,24.55,97,100,10.4,light snow
224,Kutum,SD,14.2,24.6667,68.95,21,0,12.71,clear sky
225,Verkhnevilyuysk,RU,63.4453,120.3167,-3.69,92,94,2.26,overcast clouds
226,Lanzhou,CN,36.0564,103.7922,37.99,44,80,2.35,broken clouds
227,Balkhash,KZ,46.844,74.9804,18.46,94,100,10.8,overcast clouds
228,Narsaq,GL,60.9167,-46.05,44.6,39,75,9.22,light rain
229,Upernavik,GL,72.7868,-56.1549,-9.99,89,100,10.04,light snow
230,Oussouye,SN,12.485,-16.5469,95.0,73,0,6.91,clear sky
231,Najran,SA,17.4924,44.1277,71.6,26,0,3.85,dust
232,Waipawa,NZ,-41.4122,175.5153,59.0,82,20,9.22,few clouds
233,Sao Felix Do Xingu,BR,-6.6447,-51.995,75.67,89,100,2.51,heavy intensity rain
234,Nanortalik,GL,60.1432,-45.2371,36.46,82,100,11.9,overcast clouds
235,Sol-Iletsk,RU,51.1631,54.9918,24.49,98,100,8.99,light snow
236,Camacha,PT,33.0833,-16.3333,60.8,72,40,20.71,scattered clouds
237,Vama,RO,47.5667,25.6833,30.99,72,67,1.01,broken clouds
238,Ilulissat,GL,69.2167,-51.1,21.2,93,90,6.91,overcast clouds
239,Lompoc,US,34.6391,-120.4579,57.2,72,90,12.66,overcast clouds
240,San Cristobal,VE,7.7669,-72.225,78.8,78,75,6.91,fog
241,Shaunavon,CA,49.6501,-108.4181,35.6,75,89,13.8,overcast clouds
242,Borogontsy,RU,62.6683,131.1683,-32.44,84,0,3.13,clear sky
243,Weiser,US,44.251,-116.9693,50.0,50,90,9.22,overcast clouds
244,Te Anau,NZ,-45.4167,167.7167,42.24,86,30,0.83,scattered clouds
245,Saint-Philippe,RE,-21.3585,55.7679,78.8,78,90,4.61,overcast clouds
246,Weligama,LK,5.9667,80.4167,76.1,82,38,3.74,scattered clouds
247,Richards Bay,ZA,-28.783,32.0377,73.49,74,100,4.38,overcast clouds
248,Ismailia,EG,30.6043,32.2723,59.88,67,0,10.96,clear sky
249,Dwarka,IN,22.2394,68.9678,75.4,81,0,9.28,clear sky
250,Kota Belud,MY,6.351,116.4305,75.2,94,20,3.44,few clouds
251,Priargunsk,RU,50.3691,119.1012,-4.29,90,9,3.36,clear sky
252,Linkoping,SE,58.4109,15.6216,41.0,56,100,21.85,overcast clouds
253,Novikovo,RU,51.1537,37.8879,23.63,91,0,8.12,clear sky
254,Presidente Dutra,BR,-5.29,-44.49,83.79,88,85,4.63,overcast clouds
255,Muisne,EC,0.6,-80.0333,84.2,84,20,8.05,few clouds
256,Cherskiy,RU,68.75,161.3,-14.67,89,100,4.92,overcast clouds
257,Tabuk,PH,17.4189,121.4443,69.31,79,0,2.35,clear sky
258,Okhotsk,RU,59.3833,143.3,-19.68,79,0,16.06,clear sky
259,Xichang,CN,27.8964,102.2634,51.01,53,92,1.81,overcast clouds
260,Polson,US,47.6936,-114.1632,45.0,61,100,4.34,overcast clouds
261,Orlik,RU,52.5178,99.825,6.08,82,100,2.28,overcast clouds
262,Airai,TL,-8.9266,125.4092,59.65,100,100,0.81,overcast clouds
263,Quelimane,MZ,-17.8786,36.8883,82.4,74,40,5.75,scattered clouds
264,Alvarado,MX,18.7667,-95.7667,82.99,54,40,13.8,scattered clouds
265,Hiriyur,IN,13.9456,76.6192,77.5,20,0,6.17,clear sky
266,Maceio,BR,-9.6658,-35.7353,84.2,70,75,12.66,broken clouds
267,Severo-Kurilsk,RU,50.6789,156.125,14.68,91,85,29.84,light snow
268,Sept-Iles,CA,50.2001,-66.3821,28.99,63,90,6.91,light snow
269,Natal,BR,-5.795,-35.2094,86.0,62,40,16.11,scattered clouds
270,Nabire,ID,-3.3667,135.4833,75.42,88,99,2.57,overcast clouds
271,Valerik,RU,43.1797,45.4081,46.4,53,0,2.24,clear sky
272,Puerto Maldonado,PE,-12.6,-69.1833,75.2,94,75,3.44,light rain
273,Labrea,BR,-7.2586,-64.7981,90.21,54,100,2.59,heavy intensity rain
274,Gornopravdinsk,RU,60.05,69.9,13.62,97,100,5.39,overcast clouds
275,Ialibu,PG,-6.2821,143.9935,55.72,98,99,1.03,overcast clouds
276,Seydi,TM,39.4816,62.9137,40.64,72,96,4.97,overcast clouds
277,Emerald,AU,-23.5333,148.1667,77.0,78,40,11.5,scattered clouds
278,Itaituba,BR,-4.2761,-55.9836,91.27,52,19,2.64,few clouds
279,Saskylakh,RU,71.9167,114.0833,-20.34,86,99,8.34,overcast clouds
280,Broome,US,42.2506,-75.833,25.0,63,90,14.97,overcast clouds
281,Vila,PT,42.0304,-8.1588,59.0,58,0,5.75,clear sky
282,Sainte-Maxime,FR,43.3,6.6333,53.01,87,0,2.3,clear sky
283,Egvekinot,RU,66.3167,-179.1667,-30.62,89,94,2.24,overcast clouds
284,Las Vegas,US,36.175,-115.1372,73.99,15,1,12.66,clear sky
285,Lata,PT,40.1629,-8.3327,57.99,84,68,7.0,broken clouds
286,Buraydah,SA,26.326,43.975,62.6,39,0,4.61,clear sky
287,Marawi,PH,7.9986,124.2928,72.0,90,60,7.0,broken clouds
288,Yulara,AU,-25.2406,130.9889,80.6,47,90,5.75,overcast clouds
289,Sitka,US,57.0531,-135.33,39.2,70,90,3.44,light snow
290,Waitati,NZ,-45.75,170.5667,55.0,69,0,15.01,clear sky
291,Emporia,US,38.4039,-96.1817,62.6,45,20,11.5,few clouds
292,Adre,TD,13.4667,22.2,78.21,16,0,13.2,clear sky
293,Coquimbo,CL,-29.9533,-71.3436,71.6,64,20,13.8,few clouds
294,Brainerd,US,46.358,-94.2008,44.01,36,1,5.75,clear sky
295,Chuy,UY,-33.6971,-53.4616,74.44,59,21,10.25,few clouds
296,Batemans Bay,AU,-35.7167,150.1833,59.0,95,89,3.51,overcast clouds
297,Sale,MA,34.0389,-6.8166,60.01,88,40,3.44,scattered clouds
298,Thunder Bay,CA,48.4001,-89.3168,28.4,40,1,10.36,clear sky
299,Priiskovyy,RU,51.9333,116.6333,-4.83,90,26,3.15,scattered clouds
300,Fresno,US,36.6666,-119.8343,59.0,54,75,12.66,broken clouds
301,Locri,IT,38.2414,16.2623,57.99,77,90,3.44,overcast clouds
302,Fukumitsu,JP,36.55,136.8667,39.0,73,100,1.01,overcast clouds
303,Alyangula,AU,-13.8483,136.4192,78.8,94,93,12.71,overcast clouds
304,Orcopampa,PE,-15.2661,-72.3417,56.34,51,92,8.37,overcast clouds
305,Codrington,AU,-38.2667,141.9667,49.68,93,100,6.24,overcast clouds
306,Aripuana,BR,-9.1667,-60.6333,89.47,54,3,2.68,clear sky
307,North Myrtle Beach,US,33.816,-78.68,52.0,31,90,5.75,overcast clouds
308,Tubuala,PA,9.5167,-79.0333,89.6,40,40,6.91,scattered clouds
309,Charters Towers,AU,-20.1,146.2667,72.37,83,32,7.07,scattered clouds
310,Ziro,IN,27.6333,93.8333,42.1,100,100,2.77,overcast clouds
311,Mahibadhoo,MV,3.7833,72.9667,82.51,73,0,10.98,clear sky
312,Khandyga,RU,62.6667,135.6,-37.41,80,0,1.9,clear sky
313,Liwale,TZ,-9.7667,37.9333,71.44,95,12,2.86,moderate rain
314,Zabaykalsk,RU,49.6333,117.3167,3.74,92,0,7.38,clear sky
315,Mikhaylovka,RU,50.06,43.2379,27.0,93,100,1.01,overcast clouds
316,Victoria,HK,22.2855,114.1577,69.01,91,6,8.75,clear sky
317,Pakxan,LA,18.3778,103.6601,73.94,54,0,5.39,clear sky
318,Novaya Igirma,RU,57.1334,103.9112,23.27,97,100,8.52,light snow
319,Sabla,NG,12.7525,4.7077,88.09,13,100,8.39,overcast clouds
320,Kaduqli,SD,11.0167,29.7167,84.27,14,11,10.45,few clouds
321,Mbarara,UG,-0.608,30.65,68.14,75,65,3.91,broken clouds
322,Lourdes,FR,43.1,-0.05,46.4,76,90,3.44,overcast clouds
323,Constitucion,CL,-35.3333,-72.4167,67.44,66,12,5.35,few clouds
324,Northam,GB,51.0333,-4.2167,39.0,79,0,4.0,clear sky
325,Westport,US,41.1415,-73.3579,33.01,40,90,16.11,overcast clouds
326,Singleton,AU,-32.5667,151.1833,55.99,80,67,1.99,broken clouds
327,Rundu,NA,-17.9333,19.7667,72.84,55,69,3.18,broken clouds
328,Kismayo,SO,-0.3582,42.5454,78.53,80,11,18.01,few clouds
329,Umm Lajj,SA,25.0213,37.2685,75.38,50,0,11.41,clear sky
330,Tall Kayf,TR,37.0833,41.0667,53.6,66,0,4.61,clear sky
331,Moindou,NC,-21.6924,165.677,69.8,100,75,3.44,broken clouds
332,Araouane,ML,18.9048,-3.5265,87.78,13,53,8.48,broken clouds
333,Pevek,RU,69.7008,170.3133,-13.29,90,100,9.13,overcast clouds
334,Yarovoye,RU,52.9273,78.58,28.29,98,100,14.61,light snow
335,Belaya Gora,RU,68.5333,146.4167,-14.06,89,100,14.83,light snow
336,Laguna,US,38.421,-121.4238,55.99,66,40,4.61,scattered clouds
337,Kambarka,RU,56.2694,54.2062,2.46,93,58,4.52,broken clouds
338,Katherine,AU,-14.4667,132.2667,77.0,83,7,6.91,clear sky
339,Colares,PT,38.7992,-9.4469,60.01,72,20,12.66,few clouds
340,Shellbrook,CA,53.2168,-106.4011,39.2,70,75,9.22,broken clouds
341,Vardo,NO,70.3705,31.1107,26.82,94,100,18.23,overcast clouds
342,Kargasok,RU,59.0556,80.8572,24.26,98,100,14.54,snow
343,Linxia,CN,35.6003,103.2064,36.54,74,98,1.66,overcast clouds
344,Khorol,UA,49.7837,33.2783,27.55,93,84,9.91,broken clouds
345,Fecamp,FR,49.7579,0.3746,39.2,65,0,11.5,clear sky
346,Santa Cruz De La Palma,ES,28.6835,-17.7642,66.2,63,20,23.02,few clouds
347,San Ramon,US,37.7799,-121.978,57.0,62,1,4.61,clear sky
348,Gat,IL,31.61,34.7642,59.0,77,0,5.46,clear sky
349,Ilhabela,BR,-23.7781,-45.3581,78.31,82,70,3.27,light rain
350,Dum Duma,IN,27.5667,95.5667,60.85,77,8,4.56,clear sky
351,Nuuk,GL,64.1835,-51.7216,32.0,80,40,13.8,scattered clouds
352,Russkaya Polyana,UA,49.417,31.9201,25.05,94,14,10.16,few clouds
353,Padang,ID,-0.9492,100.3543,75.2,94,90,2.3,moderate rain
354,Faanui,PF,-16.4833,-151.75,83.01,70,92,9.17,light rain
355,Sao Filipe,CV,14.8961,-24.4956,72.68,71,27,11.36,scattered clouds
356,Cap Malheureux,MU,-19.9842,57.6142,81.0,74,100,5.01,light rain
357,Del Rio,US,29.3627,-100.8968,66.2,39,75,4.61,broken clouds
358,Bowen,AU,-20.0167,148.2333,71.6,100,75,2.3,broken clouds
359,Putina,PE,-15.4667,-69.4333,49.59,72,54,7.14,broken clouds
360,Jasper,US,37.2001,-94.3502,59.0,41,1,4.61,clear sky
361,Coruripe,BR,-10.1256,-36.1756,82.99,68,65,13.98,broken clouds
362,Kieta,PG,-6.2167,155.6333,78.35,82,98,2.8,light rain
363,Bayonet Point,US,28.3267,-82.6834,68.0,83,100,15.46,overcast clouds
364,Mpanda,TZ,-6.3655,31.0409,69.04,89,100,2.08,overcast clouds
365,Vila Franca Do Campo,PT,37.7167,-25.4333,59.0,100,75,10.36,light intensity drizzle
366,Vorkuta,RU,67.5,64.0,-8.97,91,98,4.45,overcast clouds
367,Cabinda,AO,-5.55,12.2,76.78,81,100,8.16,overcast clouds
368,Skibbereen,IE,51.55,-9.2667,39.2,70,75,4.61,broken clouds
369,Black River,JM,18.0264,-77.8487,82.4,61,20,5.75,few clouds
370,Lebu,CL,-37.6167,-73.65,64.63,72,3,9.08,clear sky
371,Vagur,FO,61.4732,-6.8119,44.1,81,85,6.24,overcast clouds
372,Beringovskiy,RU,63.05,179.3167,-21.91,86,93,7.4,overcast clouds
373,Aasiaat,GL,68.7098,-52.8699,11.55,95,100,7.83,overcast clouds
374,Ballina,AU,-28.8667,153.5667,68.0,88,90,5.75,light rain
375,Harqalah,TN,36.0303,10.509,61.0,88,20,8.05,few clouds
376,Zeya,RU,53.75,127.2667,-9.62,88,100,1.92,overcast clouds
377,Carbonia,IT,39.1672,8.5222,57.99,88,40,9.22,scattered clouds
378,Conakry,GN,9.538,-13.6773,84.2,61,40,6.91,haze
379,Odweyne,SO,9.4092,45.064,63.84,30,43,11.3,scattered clouds
380,Rocha,UY,-34.4833,-54.3333,74.44,62,21,9.46,few clouds
381,Johnstown,US,40.3267,-78.922,28.0,54,90,17.27,overcast clouds
382,Byron Bay,AU,-28.65,153.6167,68.0,88,90,5.75,overcast clouds
383,Sorong,ID,-0.8833,131.25,78.3,85,100,10.16,overcast clouds
384,Macamic,CA,48.7502,-78.9996,10.4,61,75,16.11,snow
385,Soavinandriana,MG,-19.1667,46.7333,59.23,100,49,2.01,scattered clouds
386,Saint-Francois,FR,46.4154,3.9054,42.8,70,0,5.75,clear sky
387,Bud,US,39.447,-86.1758,46.99,36,1,3.44,clear sky
388,San Carlos De Bariloche,AR,-41.1456,-71.3082,75.2,23,40,24.16,scattered clouds
389,Dwarahat,IN,29.7833,79.4333,51.53,42,1,3.85,clear sky
390,Rio Gallegos,AR,-51.6226,-69.2181,66.2,27,20,28.77,few clouds
391,Samarai,PG,-10.6167,150.6667,80.46,77,93,9.57,light rain
392,Hertford,GB,51.7959,-0.0785,39.99,65,0,3.53,clear sky
393,Omsukchan,RU,62.5333,155.8,-27.6,82,99,4.16,overcast clouds
394,Koumac,NC,-20.5667,164.2833,74.75,77,77,11.12,broken clouds
395,Flinders,AU,-34.5833,150.8552,61.0,79,58,1.01,broken clouds
396,Fairbanks,US,64.8378,-147.7164,1.0,84,90,1.25,overcast clouds
397,Hamilton,US,39.1834,-84.5333,46.0,33,1,8.05,clear sky
398,Hongjiang,CN,27.11,109.9956,48.24,84,98,4.18,overcast clouds
399,Xiamen,CN,24.4798,118.0819,60.8,88,90,6.71,overcast clouds
400,Cururupu,BR,-1.8283,-44.8683,80.76,89,100,4.61,overcast clouds
401,Bandar-E Lengeh,IR,26.5579,54.8807,71.6,64,0,9.22,clear sky
402,Pudozh,RU,61.8099,36.5345,18.59,95,100,12.17,overcast clouds
403,Impfondo,CG,1.6381,18.0667,84.34,52,100,5.28,overcast clouds
404,Lensk,RU,60.7253,114.9278,13.05,94,97,4.65,overcast clouds
405,Tevaitoa,PF,-16.7833,-151.5,82.22,72,100,10.18,moderate rain
406,Taman,RU,45.2117,36.7161,33.8,75,100,15.66,overcast clouds
407,Iberia,US,29.9502,-91.7507,66.99,48,1,14.97,clear sky
408,Vanimo,PG,-2.6741,141.3028,77.13,84,91,7.83,overcast clouds
409,Morondava,MG,-20.2833,44.2833,81.01,81,28,8.55,scattered clouds
410,Berdigestyakh,RU,62.0989,126.6992,-12.48,88,100,4.05,overcast clouds
411,Berlevag,NO,70.8578,29.0864,27.52,94,100,22.32,light snow
412,Rawson,AR,-43.3002,-65.1023,87.76,20,63,5.28,broken clouds
413,Isangel,VU,-19.55,169.2667,78.85,78,98,10.74,overcast clouds
414,Umm Kaddadah,SD,13.6017,26.6876,75.2,17,0,13.85,clear sky
415,Novaya Lyada,RU,52.7131,41.6387,13.91,96,9,8.12,clear sky
416,Novoagansk,RU,61.9449,76.6625,9.82,96,97,6.33,overcast clouds
417,Dali,CN,25.7,100.1833,44.01,73,16,3.78,few clouds
418,Tessalit,ML,20.1986,1.0114,83.08,15,34,7.34,scattered clouds
419,Barcelona,ES,41.3888,2.159,55.99,71,0,5.75,clear sky
420,The Valley,AI,18.217,-63.0578,84.2,69,20,14.97,few clouds
421,Dalbandin,PK,28.8947,64.4101,66.38,26,0,5.12,clear sky
422,Smoky Lake,CA,54.1169,-112.4686,39.2,80,100,2.3,light rain
423,Buluang,PH,13.3068,123.3425,72.07,90,93,4.07,overcast clouds
424,Ulladulla,AU,-35.35,150.4667,60.8,82,90,3.65,overcast clouds
425,Vicksburg,US,32.3526,-90.8779,59.0,30,1,16.11,clear sky
426,Labuhan,ID,-6.8844,112.2051,78.39,82,100,6.6,overcast clouds
427,Malinyi,TZ,-8.9333,36.1333,77.41,80,97,0.34,overcast clouds
428,Takoradi,GH,4.8845,-1.7554,81.52,82,46,9.28,scattered clouds
429,Mecca,SA,21.4267,39.8261,80.42,40,0,4.0,clear sky
430,Sur,OM,22.5667,59.5289,79.05,39,0,4.25,clear sky
431,Taksimo,RU,56.3444,114.8794,-8.54,85,82,0.31,broken clouds
432,Sao Joao Dos Patos,BR,-6.495,-43.7022,85.28,67,100,5.28,overcast clouds
433,Kozhva,RU,65.1073,57.0459,-8.41,91,100,1.5,overcast clouds
434,Kemise,ET,10.7167,39.8667,68.45,37,0,2.66,clear sky
435,Areosa,PT,41.7178,-8.8571,59.0,82,0,5.75,clear sky
436,Mangan,IN,27.5167,88.5333,57.4,37,21,5.57,few clouds
437,Inta,RU,66.0317,60.1659,-8.59,91,95,4.68,overcast clouds
438,Mandurah,AU,-32.55,115.7,69.01,85,14,11.61,few clouds
439,Avera,US,33.194,-82.5271,53.6,32,75,12.66,broken clouds
440,Sistranda,NO,63.7256,8.834,30.2,74,75,37.98,light snow
441,Saint-Georges,GD,12.0564,-61.7485,82.4,74,20,23.02,few clouds
442,Muscat,OM,23.6139,58.5922,82.4,44,0,2.3,clear sky
443,Nakhon Ratchasima,TH,15.0,102.1667,87.01,62,0,4.99,clear sky
444,Nyurba,RU,63.2842,118.3319,-2.6,92,99,2.42,overcast clouds
445,Verkhniy Mamon,RU,50.1635,40.3832,25.18,91,83,13.76,broken clouds
446,Bollnas,SE,61.3482,16.3946,27.16,88,40,9.86,scattered clouds
447,Kudahuvadhoo,MV,2.6708,72.8944,82.92,75,48,12.48,scattered clouds
448,Marienburg,PL,54.0359,19.0266,37.0,100,100,13.85,overcast clouds
449,Omboue,GA,-1.5746,9.2618,78.6,86,60,5.77,broken clouds
450,Aklavik,CA,68.2191,-135.0107,-4.0,77,40,11.5,snow
451,Harbour Breton,CA,47.4833,-55.7983,30.29,88,96,21.5,overcast clouds
452,Urumqi,CN,43.801,87.6005,26.6,93,75,2.24,mist
453,Sabha,LY,27.0377,14.4283,69.08,21,0,6.49,clear sky
454,Dryden,CA,49.7833,-92.7503,32.0,51,1,4.61,clear sky
455,Lingao,CN,19.9103,109.6859,72.55,91,0,5.44,clear sky
456,Astoria,US,46.1879,-123.8313,48.99,76,1,10.36,clear sky
457,Cariati,IT,39.4922,16.9594,51.8,82,40,6.91,scattered clouds
458,Mayumba,GA,-3.432,10.6554,77.68,82,100,4.81,overcast clouds
459,Teguise,ES,29.0605,-13.564,66.2,63,20,19.57,few clouds
460,San Quintin,MX,30.4833,-115.95,63.64,61,0,14.03,clear sky
461,Mount Vernon,US,40.9126,-73.8371,34.0,37,75,14.97,broken clouds
462,Flin Flon,CA,54.7682,-101.865,37.4,70,90,10.36,overcast clouds
463,Haines Junction,CA,60.7522,-137.5108,17.6,67,100,3.44,overcast clouds
464,Bathsheba,BB,13.2167,-59.5167,84.2,61,40,19.57,scattered clouds
465,Kirra,GR,38.4333,22.45,59.0,67,63,1.01,broken clouds
466,Poso,ID,-1.3959,120.7524,76.98,72,51,3.36,broken clouds
467,Yuzhne,UA,46.6221,31.1013,28.4,54,0,6.71,clear sky
468,Mafeteng,LS,-29.823,27.2374,63.82,27,0,8.34,clear sky
469,Sobolevo,RU,54.4299,31.8996,17.91,93,26,12.3,scattered clouds
470,Yarmouth,US,41.7057,-70.2286,35.01,37,1,8.05,clear sky
471,Svetlogorsk,BY,52.6333,29.7333,23.05,92,26,7.99,scattered clouds
472,Saravan,AM,39.7196,45.6483,39.2,65,40,9.22,scattered clouds
473,Bandarbeyla,SO,9.4942,50.8122,76.39,78,37,12.12,scattered clouds
474,Rio Grande,BR,-32.035,-52.0986,78.8,61,75,11.5,broken clouds
475,Tura,IN,25.5198,90.2201,66.85,47,0,3.87,clear sky
476,Sao Joao Da Barra,BR,-21.6403,-41.0511,91.4,52,75,3.91,light rain
477,Adrar,MR,20.5022,-10.0711,77.0,20,0,9.82,clear sky
478,Diu,IN,20.7141,70.9822,72.88,65,0,9.86,clear sky
479,Vestmanna,FO,62.1564,-7.1664,42.8,100,75,2.3,broken clouds
480,Arica,CL,-18.475,-70.3042,77.0,61,0,17.27,clear sky
481,Remanso,BR,-9.6179,-42.0831,91.04,40,46,7.76,scattered clouds
482,Tsurib,RU,42.2368,46.8307,30.83,77,100,13.91,overcast clouds
483,San Jeronimo,PE,-11.9472,-75.2829,61.57,53,36,6.55,scattered clouds
484,Jijiga,ET,9.35,42.8,57.88,35,50,13.87,scattered clouds
485,Kangaatsiaq,GL,68.3065,-53.4641,11.57,95,100,11.03,overcast clouds
486,Xai-Xai,MZ,-25.0519,33.6442,74.39,88,18,8.05,few clouds
487,Neuquen,AR,-38.9516,-68.0591,91.4,35,0,10.36,clear sky
488,San Pedro,PH,14.35,121.0167,78.01,78,20,5.75,few clouds
489,Xingyi,CN,24.1877,102.817,48.29,52,29,1.61,scattered clouds
490,Bull Savanna,JM,17.8868,-77.5902,79.56,57,28,7.72,scattered clouds
491,Ostrovnoy,RU,68.0531,39.5131,10.26,93,100,16.69,overcast clouds
492,Meulaboh,ID,4.1363,96.1285,75.27,89,99,5.46,overcast clouds
493,Barao De Melgaco,BR,-16.1944,-55.9675,87.8,55,40,11.5,scattered clouds
494,Talnakh,RU,69.4865,88.3972,-2.15,91,100,1.41,overcast clouds
495,Half Moon Bay,US,37.4636,-122.4286,55.0,81,1,12.66,clear sky
496,Champerico,GT,14.3,-91.9167,89.6,51,20,9.22,few clouds
497,Port Hardy,CA,50.6996,-127.4199,42.8,93,90,5.75,overcast clouds
498,Whitehorse,CA,60.7161,-135.0538,23.0,86,75,5.75,light snow
499,Amahai,ID,-3.3333,128.9167,77.32,82,100,6.69,overcast clouds
500,Bartica,GY,6.4,-58.6167,84.2,79,75,11.5,light rain
501,Deputatskiy,RU,69.3,139.9,-24.07,86,100,11.07,overcast clouds
502,Imeni Poliny Osipenko,RU,52.4201,136.4853,-16.35,85,0,5.44,clear sky
503,North Bend,US,43.4065,-124.2243,48.99,81,90,9.22,overcast clouds
504,West Wendover,US,40.7391,-114.0733,51.8,30,1,8.05,clear sky
505,Hamina,FI,60.5697,27.1979,32.0,93,90,17.27,light snow
506,Wangaratta,AU,-36.3667,146.3333,50.0,81,47,3.83,scattered clouds
507,Luderitz,NA,-26.6481,15.1594,72.61,47,0,16.2,clear sky
508,Acarau,BR,-2.8856,-40.12,83.41,73,100,15.26,heavy intensity rain
509,Zhezkazgan,KZ,47.8043,67.7144,19.18,95,93,5.48,overcast clouds
510,Novyy Urengoy,RU,66.0833,76.6333,-1.79,93,99,5.86,overcast clouds
511,Tilichiki,RU,60.4667,166.1,-26.72,82,100,10.04,overcast clouds
512,Nara,JP,34.6851,135.8049,42.01,54,76,4.54,broken clouds
513,Trujillo,PE,-8.116,-79.03,77.0,78,0,9.22,clear sky
514,La Asuncion,VE,11.0333,-63.8628,80.2,74,100,18.79,overcast clouds
515,Esfarayen,IR,37.0765,57.5101,33.8,86,0,2.3,clear sky
516,Parangan,PH,5.0839,119.9383,80.47,77,100,10.13,overcast clouds
517,Ust-Kalmanka,RU,52.1207,83.305,26.78,92,100,15.14,overcast clouds
518,Navahrudak,BY,53.6,25.8333,24.1,92,18,13.31,few clouds
519,Caborca,MX,30.5838,-111.101,79.0,21,0,4.9,clear sky
520,Logstor,DK,56.9624,9.2583,41.0,81,90,25.32,overcast clouds
521,Shingu,JP,33.7333,135.9833,44.15,66,54,7.25,broken clouds
522,Manggar,ID,-2.8833,108.2667,79.79,84,96,6.6,overcast clouds
523,Mareeba,AU,-17.0,145.4333,77.0,88,75,1.14,broken clouds
524,Tsabong,BW,-26.0217,22.401,83.43,17,33,7.87,scattered clouds
525,Kavaratti,IN,10.5669,72.642,82.47,66,100,8.41,overcast clouds
526,Otane,NZ,-39.8833,176.6333,62.01,76,32,1.43,scattered clouds
527,Mersing,MY,2.4312,103.8405,80.6,83,60,6.91,broken clouds
528,Ouango,CF,4.3133,22.5552,81.43,23,100,1.97,overcast clouds
529,Tulsipur,NP,28.131,82.2973,60.01,32,0,5.79,clear sky
530,Pesqueria,MX,25.7833,-100.05,68.0,34,1,9.22,clear sky
531,Lagoa,PT,39.05,-27.9833,60.39,96,100,17.45,overcast clouds
532,Swift Current,CA,50.2834,-107.8014,41.0,65,1,16.11,clear sky
533,Lukovetskiy,RU,64.2956,41.9211,10.4,85,0,6.71,clear sky
534,Russell,US,32.3502,-85.1999,62.6,39,20,9.57,few clouds
535,Ambilobe,MG,-13.2,49.05,74.79,93,100,5.68,light rain
536,Buin,CL,-33.7333,-70.75,86.0,44,20,4.61,few clouds
537,Cadereyta,MX,25.5833,-99.9833,68.0,34,1,9.22,clear sky
538,Banjar,ID,-8.19,114.9675,78.8,94,40,2.3,scattered clouds
539,Liverpool,GB,53.4106,-2.9779,41.0,52,20,4.05,few clouds
540,Baie-Saint-Paul,CA,47.4411,-70.4986,17.6,67,89,5.75,overcast clouds
541,San Sebastian De Los Reyes,ES,40.5443,-3.6159,55.0,58,0,3.44,clear sky
542,Port-Gentil,GA,-0.7193,8.7815,77.0,88,20,3.44,few clouds
543,Aguilas,ES,37.4063,-1.5829,57.2,77,90,8.05,overcast clouds
544,Durango,MX,24.8333,-104.8333,66.27,24,14,8.1,few clouds
545,Koindu,GN,8.4386,-10.3253,80.69,68,99,4.79,overcast clouds
546,Kayseri,TR,38.737,35.4968,50.0,43,75,9.22,light rain
547,Beyneu,KZ,45.3167,55.2,40.37,69,2,12.37,clear sky
548,Inhambane,MZ,-23.865,35.3833,75.13,86,0,8.34,clear sky
549,Panama City,PA,8.9936,-79.5197,91.4,48,20,14.97,few clouds
550,Tucuman,AR,-26.8241,-65.2226,87.8,48,20,11.5,few clouds
551,Naryan-Mar,RU,67.6713,53.087,-13.04,89,93,7.09,overcast clouds
552,Puerto Baquerizo Moreno,EC,-0.9,-89.6,80.6,100,90,4.61,light rain
553,Yining,CN,29.0361,114.5636,46.51,87,100,2.8,overcast clouds
554,Kingseat,GB,56.0974,-3.4084,39.2,70,0,6.91,clear sky
555,Bambanglipuro,ID,-7.95,110.2833,76.33,83,23,3.96,few clouds
556,Talcahuano,CL,-36.7167,-73.1167,68.0,64,0,5.75,clear sky
557,Gallup,US,35.5281,-108.7426,57.2,19,1,12.66,clear sky
558,Les Cayes,HT,18.2,-73.75,82.63,50,0,5.55,clear sky
559,Williamsport,US,41.2412,-77.0011,35.01,37,90,10.36,overcast clouds
560,Ust-Barguzin,RU,53.45,108.9833,10.26,92,1,4.29,clear sky
561,Ewa Beach,US,21.3156,-158.0072,69.8,88,75,6.91,light rain
562,Yunguyo,PE,-16.25,-69.0833,52.09,62,99,9.1,overcast clouds
563,Harper,LR,4.375,-7.7169,80.01,83,95,7.31,overcast clouds
564,Capilla De Guadalupe,MX,20.8333,-102.5833,84.85,18,4,1.54,clear sky
565,Cangucu,BR,-31.395,-52.6756,78.8,61,75,11.5,broken clouds
566,Suntar,RU,62.1444,117.6319,6.31,95,100,2.66,overcast clouds
567,Olga,RU,43.7444,135.2892,7.74,83,0,4.43,clear sky
568,Luganville,VU,-15.5333,167.1667,78.1,87,96,8.41,moderate rain
569,Barra Do Garcas,BR,-15.89,-52.2567,77.0,88,75,2.55,moderate rain
570,Oudtshoorn,ZA,-33.5907,22.2014,66.2,88,40,4.61,scattered clouds
571,Kasongo-Lunda,CD,-6.4667,16.8167,72.61,85,100,1.97,overcast clouds
572,Kazanskaya,RU,45.4106,40.4361,34.09,95,100,17.43,snow
573,Praia Da Vitoria,PT,38.7333,-27.0667,68.0,77,40,9.15,scattered clouds
574,Port Hawkesbury,CA,45.6169,-61.3485,34.0,50,1,10.36,clear sky
575,Hope,US,33.6671,-93.5916,60.01,26,0,5.99,clear sky
576,Khammam,IN,17.25,80.15,71.89,61,0,5.73,clear sky
577,Kongolo,CD,-5.3833,27.0,72.37,92,100,0.56,overcast clouds
578,Finschhafen,PG,-6.6024,147.8681,78.17,80,100,2.51,heavy intensity rain
579,Jidong,CN,45.2167,131.0833,-0.13,88,2,4.29,clear sky
580,Melfi,IT,40.9965,15.6514,43.0,93,90,6.91,fog
581,Den Helder,NL,52.9599,4.7593,37.4,81,0,5.75,clear sky
582,Waingapu,ID,-9.6567,120.2641,76.82,79,100,6.46,overcast clouds
583,Shatrovo,RU,56.5167,64.6333,8.42,94,10,8.21,clear sky
584,Preobrazheniye,RU,42.9019,133.9064,14.72,78,0,3.53,clear sky
585,Torit,SS,4.4133,32.5678,88.32,28,0,5.53,clear sky
586,Yumen,CN,40.2833,97.2,33.42,75,32,3.18,scattered clouds
587,Mitsamiouli,KM,-11.3847,43.2844,82.18,75,100,6.46,overcast clouds
588,Cedar City,US,37.6775,-113.0619,59.0,17,1,24.16,clear sky
589,Itarema,BR,-2.9248,-39.9167,84.02,69,39,15.41,light rain
590,Yelizovo,RU,53.1873,158.3805,1.4,66,0,11.18,clear sky
591,La Serena,CL,-29.9078,-71.2542,71.6,64,20,13.8,few clouds
592,Axim,GH,4.8699,-2.2405,80.94,83,31,7.65,light rain
593,Kamaishi,JP,39.2667,141.8833,28.92,86,0,6.8,clear sky
594,Amga,RU,60.8953,131.9608,-28.16,84,3,1.25,clear sky
595,Chiang Khong,TH,20.2613,100.4046,71.01,88,0,1.88,clear sky
596,Minot,US,48.2325,-101.2963,50.0,71,1,14.97,clear sky
597,Taoudenni,ML,22.6783,-3.9836,83.88,13,0,9.95,clear sky
598,Manicore,BR,-5.8092,-61.3003,87.62,73,66,2.71,broken clouds
599,Forbes,AU,-33.3833,148.0167,63.0,68,100,5.01,overcast clouds
600,Barra Da Estiva,BR,-13.6261,-41.3269,84.96,40,100,5.53,overcast clouds
601,Pangody,RU,65.85,74.4859,-1.53,94,99,5.77,overcast clouds
602,Pierre,US,44.3683,-100.351,48.2,61,1,17.27,clear sky
603,Along,IN,28.1667,94.7667,58.6,79,100,2.68,overcast clouds
604,Sisimiut,GL,66.9395,-53.6735,16.39,95,96,12.1,overcast clouds
605,Korla,CN,41.7597,86.1469,39.79,69,0,1.23,clear sky
606,Warrnambool,AU,-38.3833,142.4833,48.0,94,100,7.02,overcast clouds
607,Kankan,GN,10.3854,-9.3057,87.58,40,92,7.09,overcast clouds
608,Mokhsogollokh,RU,61.4681,128.9203,-20.42,87,97,2.1,overcast clouds
609,Port Moresby,PG,-9.4431,147.1797,75.2,100,40,6.91,scattered clouds
610,Krabi,TH,8.0726,98.9105,75.2,94,20,3.44,few clouds
611,Great Yarmouth,GB,52.6083,1.7305,39.2,65,90,4.61,overcast clouds
612,Malanville,BJ,11.8685,3.3899,88.95,12,88,5.17,overcast clouds
613,La Ronge,CA,55.1001,-105.2842,41.0,70,100,6.91,overcast clouds
614,Darnah,LY,32.767,22.6367,64.22,48,8,10.65,clear sky
615,Homburg,DE,49.3167,7.3333,37.99,51,0,5.75,clear sky
616,Awjilah,LY,29.1081,21.2869,70.97,19,0,7.96,clear sky
617,Oranjemund,NA,-28.55,16.4333,64.98,77,0,11.92,clear sky
618,Ocean City,US,39.2776,-74.5746,39.2,45,90,10.36,overcast clouds
619,Manjacaze,MZ,-24.7117,33.8828,71.58,96,5,4.54,clear sky
620,Wajima,JP,37.4,136.9,35.92,81,95,14.94,overcast clouds
621,Tacoronte,ES,28.4769,-16.4102,64.0,88,75,19.57,broken clouds
622,Yerbogachen,RU,61.2767,108.0108,7.47,95,63,6.2,broken clouds
623,Mogok,MM,22.9167,96.5,58.66,39,15,0.94,few clouds
624,Mabai,CN,23.0128,104.4508,52.47,99,45,2.73,scattered clouds
625,Jiuquan,CN,39.7432,98.5174,35.49,72,1,2.08,clear sky
626,Vostok,RU,46.4856,135.8833,-5.94,92,100,5.01,overcast clouds
627,Killybegs,IE,54.6333,-8.45,44.6,65,20,3.44,few clouds
628,Thessalon,CA,46.2501,-83.5666,23.0,54,1,9.22,clear sky
629,Tokur,RU,53.1333,132.9,-24.09,88,100,3.67,overcast clouds
630,Oktyabrskiy,RU,54.4815,53.471,4.08,93,100,1.79,overcast clouds
631,Tari,NG,12.4086,4.4914,88.99,12,100,8.55,overcast clouds
632,Nome,US,64.5011,-165.4064,1.4,85,75,13.8,broken clouds
633,Burnie,AU,-41.0667,145.9167,51.01,95,100,1.01,overcast clouds
634,Magadan,RU,59.5667,150.8,-11.97,77,100,6.38,overcast clouds
635,Krasnoselkup,RU,65.7,82.4667,11.95,96,100,6.26,overcast clouds
636,Sakaiminato,JP,35.55,133.2333,42.8,61,75,13.8,light rain
637,Honiara,SB,-9.4333,159.95,77.68,80,100,0.76,overcast clouds
638,Bairiki,KI,1.3292,172.9752,78.8,78,40,5.75,scattered clouds
639,Mana,GF,5.6592,-53.7767,82.62,74,100,11.77,overcast clouds
640,Pyshchug,RU,58.8873,45.7134,-1.77,93,0,3.33,clear sky
641,Puebla,MX,18.8333,-98.0,69.8,23,1,11.5,clear sky
642,Crnomelj,SI,45.5711,15.1889,35.6,55,0,1.14,clear sky
643,Kropotkin,RU,45.4375,40.5756,36.52,93,100,19.86,overcast clouds
644,Cockburn Town,TC,21.4612,-71.1419,80.6,65,40,3.44,scattered clouds
645,Ayorou,NE,14.7308,0.9174,88.48,12,74,7.81,broken clouds
646,Derzhavinsk,KZ,51.1,66.3167,23.59,98,100,4.56,light snow
647,Yatou,CN,37.15,122.3833,32.22,86,100,8.81,overcast clouds
648,Salta,AR,-24.7859,-65.4117,82.4,47,40,5.75,scattered clouds
649,Sosnogorsk,RU,63.6023,53.8817,-7.82,90,71,3.65,broken clouds
650,Evensk,RU,61.95,159.2333,-22.67,73,38,7.67,scattered clouds
651,Sungaipenuh,ID,-2.0833,101.3833,64.54,96,100,1.45,light rain
652,Eyl,SO,7.9803,49.8164,75.02,80,0,14.7,clear sky
653,Semporna,MY,4.4818,118.6112,75.2,94,20,2.3,few clouds
654,San-Pedro,CI,4.7485,-6.6363,79.74,84,100,7.72,overcast clouds
655,Xining,CN,36.6167,101.7667,30.24,78,11,1.3,few clouds
656,Bintulu,MY,3.1667,113.0333,78.8,94,40,7.31,light rain
657,Zambezi,ZM,-13.5432,23.1047,68.4,70,41,2.15,scattered clouds
658,Kem,RU,64.9555,34.5793,19.45,97,100,17.45,light snow
659,Mount Isa,AU,-20.7333,139.5,73.4,56,0,1.14,clear sky
660,Muravlenko,RU,63.7898,74.523,-1.7,94,84,8.14,broken clouds
661,Vitim,RU,59.4511,112.5578,17.37,95,99,7.74,overcast clouds
662,Ferkessedougou,CI,9.6,-5.2,78.57,58,100,0.36,moderate rain
663,Yalvac,TR,38.2956,31.1778,41.32,76,1,2.71,clear sky
664,Gubkinskiy,RU,64.434,76.5026,1.17,94,97,9.1,overcast clouds
665,Maniitsoq,GL,65.4167,-52.9,28.71,91,100,6.8,overcast clouds
666,Igdir,TR,39.9237,44.045,42.8,49,100,3.44,overcast clouds
667,Canutama,BR,-6.5339,-64.3831,90.81,51,98,2.04,overcast clouds
668,Saurimo,AO,-9.6608,20.3916,67.46,91,100,2.95,light rain
669,Malpe,IN,13.35,74.7167,80.6,78,20,3.44,few clouds
670,Ampanihy,MG,-24.7,44.75,71.67,88,0,6.49,clear sky
671,Tornio,FI,65.8481,24.1466,21.2,93,90,13.8,snow
672,Sorland,NO,67.667,12.6934,26.42,89,60,28.57,light snow
673,Mahon,ES,39.8885,4.2658,53.6,82,40,6.91,scattered clouds
674,Singkang,MY,2.1006,102.7994,73.4,100,20,2.91,few clouds
675,Mildura,AU,-34.2,142.15,55.4,47,100,3.22,overcast clouds
676,Watsa,CD,3.0372,29.5355,73.96,53,67,1.79,broken clouds
677,Pemberton,CA,50.3164,-122.8027,43.0,100,90,1.34,overcast clouds
678,Terrak,NO,65.087,12.3715,24.8,80,90,16.11,moderate rain
679,Miranda,CO,3.2499,-76.2281,82.4,57,40,2.3,scattered clouds
680,Kimbe,PG,-5.5502,150.1429,75.69,88,93,1.74,light rain
681,Muzhi,RU,65.3667,64.6667,-3.44,89,99,6.49,overcast clouds
682,Santa Rosa,PH,14.3122,121.1114,78.01,78,20,5.75,few clouds
683,Krutinka,RU,56.0055,71.5113,7.68,95,23,11.86,few clouds
684,Acurenam,GQ,1.0322,10.6488,70.86,96,100,5.28,light rain
685,Marzuq,YE,14.4,46.4667,62.26,48,0,5.44,clear sky
686,Guiratinga,BR,-16.3494,-53.7583,81.99,66,47,6.31,scattered clouds
687,Paoua,CF,7.2427,16.4406,81.28,17,59,2.62,broken clouds
688,Nyzhnya Duvanka,UA,49.5846,38.1743,26.71,84,0,11.79,clear sky
689,Ozieri,IT,40.586,9.0012,55.4,93,40,1.14,scattered clouds
